engine,fold,train_end,horizon_start,horizon_end,mae,rmse,mape,coverage_80,mean_interval_width,n
prophet_weather,1,2010-11-30,2010-12-01,2010-12-28,9611.756893719577,13155.793512318583,42.476924682542595,0.7142857142857143,27913.787592298588,28
prophet_weather,2,2010-12-28,2010-12-29,2011-01-25,8855.170817262615,14925.5856941841,58.85645410233542,0.9285714285714286,27470.72244587458,28
prophet_weather,3,2011-01-25,2011-01-26,2011-02-22,4809.21288731927,5530.89295750578,68.19663647143024,1.0,28536.387957047813,28
prophet_weather,4,2011-02-22,2011-02-23,2011-03-22,5311.96268779291,6394.702240156343,65.43963000905345,1.0,27946.93266216742,28
prophet_weather,5,2011-03-22,2011-03-23,2011-04-19,4618.104893807551,5770.691484830757,37.04359997467665,0.9642857142857143,27046.376688565302,28
prophet_weather,6,2011-04-19,2011-04-20,2011-05-17,5956.765947968436,8120.833750268282,32.900897035352415,0.8571428571428571,26507.898090524668,28
prophet_weather,7,2011-05-17,2011-05-18,2011-06-14,4075.0113201600243,5302.690573269852,31.7628780556669,0.9642857142857143,26054.54020470048,28
prophet_weather,8,2011-06-14,2011-06-15,2011-07-12,3325.153895792752,4421.010623160371,27.1761584558023,0.9642857142857143,25882.69586425207,28
prophet_weather,9,2011-07-12,2011-07-13,2011-08-09,4866.003917035994,7334.879577094886,30.173784863083792,0.8214285714285714,25246.97782098655,28
prophet_weather,10,2011-08-09,2011-08-10,2011-09-06,7044.194521411781,8243.102149061027,55.70736695666126,0.8571428571428571,24915.34088061997,28
prophet_weather,11,2011-09-06,2011-09-07,2011-10-04,6292.515355467281,7950.554331897536,31.77596371845482,0.8571428571428571,24606.388660241348,28
prophet_weather,12,2011-10-04,2011-10-05,2011-11-01,6080.766539541752,7271.465614300698,29.931718594443442,0.9285714285714286,24443.53586097447,28
prophet_weather,13,2011-11-01,2011-11-02,2011-11-29,6912.909657005912,8394.214870099493,23.705649036200708,0.8571428571428571,24415.4615920764,28
prophet_calendar_only,1,2010-11-30,2010-12-01,2010-12-28,9550.58788193856,12935.901442711529,41.04597710156919,0.75,27882.865525351684,28
prophet_calendar_only,2,2010-12-28,2010-12-29,2011-01-25,8741.616975788214,13943.590320647643,64.16445685630585,0.9642857142857143,27864.945005782887,28
prophet_calendar_only,3,2011-01-25,2011-01-26,2011-02-22,5042.273851865982,5831.425198920549,75.37700885705875,1.0,28444.003744292928,28
prophet_calendar_only,4,2011-02-22,2011-02-23,2011-03-22,5511.9836394954855,6579.194678900304,68.81713638549427,1.0,27753.235455474194,28
prophet_calendar_only,5,2011-03-22,2011-03-23,2011-04-19,4422.67466973299,5599.277349408988,35.52017102507388,0.9642857142857143,27168.077869034958,28
prophet_calendar_only,6,2011-04-19,2011-04-20,2011-05-17,5774.702826374002,8239.539652780255,32.1407482791441,0.8571428571428571,26484.927467334517,28
prophet_calendar_only,7,2011-05-17,2011-05-18,2011-06-14,4051.302393752144,5248.112538929832,30.51641342807517,0.9642857142857143,26191.840497467034,28
prophet_calendar_only,8,2011-06-14,2011-06-15,2011-07-12,3335.653596215088,4531.457979473427,24.997094319623734,0.9642857142857143,25669.012188511035,28
prophet_calendar_only,9,2011-07-12,2011-07-13,2011-08-09,4993.710281671495,7306.550940272477,30.54142842522617,0.8214285714285714,25321.428749918367,28
prophet_calendar_only,10,2011-08-09,2011-08-10,2011-09-06,6862.466099981927,8071.930391907602,53.7954394120589,0.8928571428571429,24831.88516122408,28
prophet_calendar_only,11,2011-09-06,2011-09-07,2011-10-04,6501.754030635279,8108.937410099602,33.039866376687456,0.7857142857142857,24879.110380228,28
prophet_calendar_only,12,2011-10-04,2011-10-05,2011-11-01,6056.862235856801,7287.221155046255,30.6263362031725,0.9285714285714286,24491.473539807394,28
prophet_calendar_only,13,2011-11-01,2011-11-02,2011-11-29,6934.476136148524,8403.057547594171,23.880927040449528,0.8571428571428571,24326.833854709053,28
gbdt_weather,1,2010-11-30,2010-12-01,2010-12-28,12674.686145116104,15838.110012936282,107.26963768480577,0.7142857142857143,29465.192393448528,28
gbdt_weather,2,2010-12-28,2010-12-29,2011-01-25,6419.961330000459,14873.161201276058,39.19149554938322,0.8928571428571429,24446.846190995442,28
gbdt_weather,3,2011-01-25,2011-01-26,2011-02-22,3102.5366927680775,3848.894428366728,52.14782548468415,1.0,23279.69462272089,28
gbdt_weather,4,2011-02-22,2011-02-23,2011-03-22,2308.164883794389,3102.673420887924,27.343347621388514,0.9642857142857143,17364.73872268135,28
gbdt_weather,5,2011-03-22,2011-03-23,2011-04-19,3201.0139724581345,5064.300010642123,29.045388327283412,0.9285714285714286,18337.67485223889,28
gbdt_weather,6,2011-04-19,2011-04-20,2011-05-17,5056.368661685044,7509.011716950494,26.786405854609736,0.8214285714285714,16380.694544247757,28
gbdt_weather,7,2011-05-17,2011-05-18,2011-06-14,3429.929280660198,4766.599965509312,28.814930854435737,0.9642857142857143,20525.323222974308,28
gbdt_weather,8,2011-06-14,2011-06-15,2011-07-12,3775.36472339474,5138.417448135568,33.34370304186554,0.9285714285714286,17686.768021157393,28
gbdt_weather,9,2011-07-12,2011-07-13,2011-08-09,4103.706111433771,6544.828984064377,29.787376367907374,0.8214285714285714,18768.474207943305,28
gbdt_weather,10,2011-08-09,2011-08-10,2011-09-06,5463.8221039020855,7911.466213931432,41.895687186885695,0.9285714285714286,20907.516158973547,28
gbdt_weather,11,2011-09-06,2011-09-07,2011-10-04,4345.154311552986,7104.815008471306,22.77570929141275,0.8928571428571429,28036.20909591538,28
gbdt_weather,12,2011-10-04,2011-10-05,2011-11-01,5336.9190233147465,7088.09204357578,33.558768351465744,0.8928571428571429,27532.03471974396,28
gbdt_weather,13,2011-11-01,2011-11-02,2011-11-29,4705.140498521309,6381.902042998774,18.224108060022136,0.75,27881.66050368807,28
gbdt_calendar_only,1,2010-11-30,2010-12-01,2010-12-28,12110.334530579306,15298.667797850616,98.66426058946752,0.7142857142857143,23537.08366416487,28
gbdt_calendar_only,2,2010-12-28,2010-12-29,2011-01-25,6222.266999233644,15011.943348844356,33.586034860819765,0.9285714285714286,26945.148981184986,28
gbdt_calendar_only,3,2011-01-25,2011-01-26,2011-02-22,2955.8628646494194,3779.6430496359876,47.183042954938884,1.0,28628.533447877653,28
gbdt_calendar_only,4,2011-02-22,2011-02-23,2011-03-22,5834.640772909609,7043.661958051022,63.918893933794074,1.0,18267.112680398805,28
gbdt_calendar_only,5,2011-03-22,2011-03-23,2011-04-19,3112.059979577284,5026.024433254545,27.086230414388073,0.8571428571428571,17004.06798521047,28
gbdt_calendar_only,6,2011-04-19,2011-04-20,2011-05-17,4960.574596340928,7358.80689635949,27.923862840827095,0.7857142857142857,17503.755468634725,28
gbdt_calendar_only,7,2011-05-17,2011-05-18,2011-06-14,3407.300443573321,4785.151687622609,27.990193481638094,0.9642857142857143,21015.70746481203,28
gbdt_calendar_only,8,2011-06-14,2011-06-15,2011-07-12,4162.974710295928,5480.514267385411,35.30150190174889,0.8928571428571429,17505.011688469916,28
gbdt_calendar_only,9,2011-07-12,2011-07-13,2011-08-09,4158.785958346419,7018.794778677858,27.96762715906202,0.8214285714285714,17806.911848476422,28
gbdt_calendar_only,10,2011-08-09,2011-08-10,2011-09-06,5289.327810918666,7744.033493707773,38.054366010523346,0.8928571428571429,20167.01466742176,28
gbdt_calendar_only,11,2011-09-06,2011-09-07,2011-10-04,4165.6315191183585,6894.326667211195,22.28947714985603,0.8928571428571429,27867.61522136575,28
gbdt_calendar_only,12,2011-10-04,2011-10-05,2011-11-01,5381.651526613204,7156.014680952181,33.51813725731428,0.8928571428571429,29247.78982536949,28
gbdt_calendar_only,13,2011-11-01,2011-11-02,2011-11-29,6172.929990145749,8197.516412382709,23.099808213963055,0.7857142857142857,30271.230543231934,28
seasonal_naive_7d,1,2010-11-30,2010-12-01,2010-12-28,13991.892857142857,17800.648919752497,128.7075058283837,0.6785714285714286,42985.317266504906,28
seasonal_naive_7d,2,2010-12-28,2010-12-29,2011-01-25,11460.642857142857,19450.7582757074,89.57438748652912,0.8928571428571429,42920.3909844719,28
seasonal_naive_7d,3,2011-01-25,2011-01-26,2011-02-22,3497.1785714285716,4596.786194878828,44.58032414875199,1.0,43302.54285487915,28
seasonal_naive_7d,4,2011-02-22,2011-02-23,2011-03-22,4577.892857142857,5957.336506359196,47.45249503765347,1.0,41999.25258491996,28
seasonal_naive_7d,5,2011-03-22,2011-03-23,2011-04-19,4512.035714285715,6616.108451024234,46.15393393654767,1.0,40851.73898023635,28
seasonal_naive_7d,6,2011-04-19,2011-04-20,2011-05-17,6918.142857142857,10863.548483016824,35.98487278716536,0.9285714285714286,39909.74283221382,28
seasonal_naive_7d,7,2011-05-17,2011-05-18,2011-06-14,7172.285714285715,9824.742926480498,58.63730086744893,0.8928571428571429,39215.32596873383,28
seasonal_naive_7d,8,2011-06-14,2011-06-15,2011-07-12,4406.25,5648.006845023169,46.69823953476698,1.0,38468.73349215591,28
seasonal_naive_7d,9,2011-07-12,2011-07-13,2011-08-09,4288.0,7190.241045035576,27.199915265903723,0.9642857142857143,37672.060638256735,28
seasonal_naive_7d,10,2011-08-09,2011-08-10,2011-09-06,5192.821428571428,7867.164603137343,38.03407279434655,0.9642857142857143,36964.20410272318,28
seasonal_naive_7d,11,2011-09-06,2011-09-07,2011-10-04,6093.071428571428,8880.071746010035,30.49710774300289,0.9285714285714286,36440.198979208144,28
seasonal_naive_7d,12,2011-10-04,2011-10-05,2011-11-01,4752.642857142857,6793.152592343053,22.585087821694074,0.9642857142857143,36002.50268466882,28
seasonal_naive_7d,13,2011-11-01,2011-11-02,2011-11-29,7366.892857142857,9978.80983634822,28.537105343573515,0.9285714285714286,35642.62190115698,28
last_value,1,2010-11-30,2010-12-01,2010-12-28,18154.321428571428,20254.278615887557,127.35403791673315,0.5714285714285714,45444.4370633505,28
last_value,2,2010-12-28,2010-12-29,2011-01-25,12089.42857142857,20017.046265977548,100.0,0.8571428571428571,44918.1354558267,28
last_value,3,2011-01-25,2011-01-26,2011-02-22,6998.178571428572,8560.00615612262,100.92938364651826,1.0,45425.56733041588,28
last_value,4,2011-02-22,2011-02-23,2011-03-22,11364.607142857143,12784.045303479981,121.04150384173964,1.0,44202.73167781921,28
last_value,5,2011-03-22,2011-03-23,2011-04-19,6768.178571428572,8841.250931611108,51.70647273978847,1.0,43156.01943775227,28
last_value,6,2011-04-19,2011-04-20,2011-05-17,8232.285714285714,10261.030194033012,44.713675461491825,0.9642857142857143,42348.5213623412,28
last_value,7,2011-05-17,2011-05-18,2011-06-14,15062.714285714286,16564.120590256865,116.90248769671574,0.7857142857142857,41657.572954604286,28
last_value,8,2011-06-14,2011-06-15,2011-07-12,6209.107142857143,8053.351540552187,58.93529050491444,1.0,40881.03645738176,28
last_value,9,2011-07-12,2011-07-13,2011-08-09,6403.5,9102.62021539481,31.284228431053585,0.9642857142857143,40192.38966376542,28
last_value,10,2011-08-09,2011-08-10,2011-09-06,8590.535714285714,10598.552733072298,57.23495850297977,0.9642857142857143,39822.30916690552,28
last_value,11,2011-09-06,2011-09-07,2011-10-04,9301.42857142857,11559.63205358569,34.24673298901844,0.9285714285714286,39543.18230221638,28
last_value,12,2011-10-04,2011-10-05,2011-11-01,10036.57142857143,13052.31322957188,48.58684503802005,0.8214285714285714,39404.82317300089,28
last_value,13,2011-11-01,2011-11-02,2011-11-29,13728.035714285714,15117.757587165026,42.499840586772,0.8571428571428571,39340.2840545316,28
mean,1,2010-11-30,2010-12-01,2010-12-28,15438.861154598828,19294.450906886726,78.98086205045736,0.7857142857142857,36157.3708384812,28
mean,2,2010-12-28,2010-12-29,2011-01-25,10912.132315521627,16365.42915038644,58.17422514148151,0.9642857142857143,37258.46766493063,28
mean,3,2011-01-25,2011-01-26,2011-02-22,6938.018408551069,8492.06293456124,99.91073575046356,1.0,37584.14568802407,28
mean,4,2011-02-22,2011-02-23,2011-03-22,5658.311247216036,7472.578345041396,59.22085860419245,1.0,36784.97324894637,28
mean,5,2011-03-22,2011-03-23,2011-04-19,6167.9785115303985,8272.846120010869,43.99136132419184,1.0,35980.956776153835,28
mean,6,2011-04-19,2011-04-20,2011-05-17,8254.36251768034,10357.729682134976,44.881972881764284,0.9642857142857143,35321.33987583317,28
mean,7,2011-05-17,2011-05-18,2011-06-14,5723.753015277406,7630.7012554080975,35.14637722589232,1.0,34911.655201196445,28
mean,8,2011-06-14,2011-06-15,2011-07-12,6196.901387827857,8010.981282578297,58.343888322755824,1.0,34305.77197314864,28
mean,9,2011-07-12,2011-07-13,2011-08-09,6402.357142857143,9094.624116516248,31.71104602095819,0.9642857142857143,33776.73175972533,28
mean,10,2011-08-09,2011-08-10,2011-09-06,7974.604364436212,10308.48380507198,48.57017361538869,0.9285714285714286,33372.30618150226,28
mean,11,2011-09-06,2011-09-07,2011-10-04,9672.986710963454,11840.240281015918,36.25033706936,0.8928571428571429,33100.42554365882,28
mean,12,2011-10-04,2011-10-05,2011-11-01,11728.628741243898,13630.701068679515,46.58224411671441,0.8214285714285714,32986.44543834704,28
mean,13,2011-11-01,2011-11-02,2011-11-29,14890.251732219282,16214.831022273716,47.860692830599284,0.6428571428571429,33060.75199639593,28
